{"$schema":"http://schema.management.azure.com/schemas/2015-01-01/deploymentTemplate.json#","contentVersion":"1.0.0.0","parameters":{"factoryName":{"type":"string","metadata":"Data Factory name"},"HttpServerSource":{"type":"string"},"AzureBlobStorage1":{"type":"string"}},"variables":{"factoryId":"[concat('Microsoft.DataFactory/factories/', parameters('factoryName'))]"},"resources":[{"name":"[concat(parameters('factoryName'), '/pbi_pro_export_to_file')]","type":"Microsoft.DataFactory/factories/pipelines","apiVersion":"2018-06-01","properties":{"activities":[{"name":"GET Power BI Service Redirect Url","description":"Calling any officially supported Power BI REST API endpoint for getting Redirect Url.","type":"WebActivity","dependsOn":[{"activity":"GET AAD Token With Power BI Scope","dependencyConditions":["Succeeded"]}],"policy":{"timeout":"7.00:00:00","retry":0,"retryIntervalInSeconds":30,"secureOutput":false,"secureInput":false},"userProperties":[],"typeProperties":{"url":{"value":"@concat('https://api.powerbi.com/v1.0/myorg/groups/',pipeline().parameters.PowerBIWorkspaceID,'/users')","type":"Expression"},"method":"GET","headers":{"Authorization":{"value":"@concat(string(activity('Get AAD Token With Power BI Scope').output.token_type),' ',string(activity('Get AAD Token With Power BI Scope').output.access_token))","type":"Expression"}},"body":{"notifyOption":"NoNotification"}}},{"name":"GET AAD Token With Power BI Scope","type":"WebActivity","dependsOn":[],"policy":{"timeout":"0.00:01:00","retry":0,"retryIntervalInSeconds":30,"secureOutput":false,"secureInput":false},"userProperties":[],"typeProperties":{"url":{"value":"@concat('https://login.microsoftonline.com/',pipeline().parameters.AzureTenantId,'/oauth2/token')","type":"Expression"},"method":"POST","headers":{"Content-Type":"application/x-www-form-urlencoded"},"body":{"value":"@concat('grant_type=password&resource=https://analysis.windows.net/powerbi/api&username=',pipeline().parameters.AzureADUsername,'&password=',pipeline().parameters.AzureADPassword,'&client_id=',pipeline().parameters.AzureAppClientId,'&client_secret=',encodeUriComponent(pipeline().parameters.AzureAppClientSecret))","type":"Expression"},"httpRequestTimeout":"00:01:00"}},{"name":"POST Power BI Report Export To File","type":"WebActivity","dependsOn":[{"activity":"GET Power BI Service Redirect Url","dependencyConditions":["Succeeded"]}],"policy":{"timeout":"0.12:00:00","retry":0,"retryIntervalInSeconds":30,"secureOutput":false,"secureInput":false},"userProperties":[],"typeProperties":{"url":{"value":"@concat(split(replace(activity('GET Power BI Service Redirect Url').output['@odata.context'],'http','https'),'/v')[0],'/export/reports/',pipeline().parameters.PowerBIReportID,'/asyncexports')","type":"Expression"},"method":"POST","headers":{"RequestId":{"value":"guid()","type":"Expression"},"Content-Type":"application/json;charset=UTF-8","Authorization":{"value":"@concat(string(activity('Get AAD Token With Power BI Scope').output.token_type),' ',string(activity('Get AAD Token With Power BI Scope').output.access_token))","type":"Expression"}},"body":{"value":"@concat('\n    {\n    \"format\": \"',pipeline().parameters.PowerBIExportFormat,'\",\n    \"powerBIReportConfiguration\": {\n        \"settings\": {\n            \"locale\": \"',pipeline().parameters.PowerBIExportLocale,'\",\n            \"timeZoneId\": \"Romance Standard Time\",\n            \"excludeHiddenPages\": \"',pipeline().parameters.PowerBIExportExludeHiddenPages,'\",\n            },\n            \"payload\": \"{\\\"objectId\\\":\\\"',guid(),'\\\",\\\"type\\\":99}\"\n        }\n    }'\n)","type":"Expression"}}},{"name":"GET Export Status until Completion","type":"Until","dependsOn":[{"activity":"POST Power BI Report Export To File","dependencyConditions":["Succeeded"]}],"userProperties":[],"typeProperties":{"expression":{"value":"@equals(json(string(activity('GET Power BI Report Export To File Status').output)).status,3)","type":"Expression"},"activities":[{"name":"Wait 10 seconds","type":"Wait","dependsOn":[],"userProperties":[],"typeProperties":{"waitTimeInSeconds":10}},{"name":"GET Power BI Report Export To File Status","type":"WebActivity","dependsOn":[{"activity":"Wait 10 seconds","dependencyConditions":["Succeeded"]}],"policy":{"timeout":"0.00:01:00","retry":0,"retryIntervalInSeconds":30,"secureOutput":false,"secureInput":true},"userProperties":[],"typeProperties":{"url":{"value":"@concat(split(replace(activity('GET Power BI Service Redirect Url').output['@odata.context'],'http','https'),'/v')[0],'/export/reports/',pipeline().parameters.PowerBIReportID,'/asyncexports/',activity('POST Power BI Report Export To File').output.id,'/status')","type":"Expression"},"method":"GET","headers":{"Authorization":{"value":"@concat(string(activity('Get AAD Token With Power BI Scope').output.token_type),' ',string(activity('Get AAD Token With Power BI Scope').output.access_token))","type":"Expression"},"Content-Type":"application/json"}}}],"timeout":"0.03:00:00"}},{"name":"GET Power BI File and Store in Lake","type":"Copy","dependsOn":[{"activity":"GET Export Status until Completion","dependencyConditions":["Succeeded"]}],"policy":{"timeout":"0.12:00:00","retry":0,"retryIntervalInSeconds":30,"secureOutput":false,"secureInput":false},"userProperties":[],"typeProperties":{"source":{"type":"DelimitedTextSource","storeSettings":{"type":"HttpReadSettings","requestMethod":"GET","additionalHeaders":{"value":"@{concat('Authorization: ',concat(string(activity('Get AAD Token With Power BI Scope').output.token_type),' ',string(activity('Get AAD Token With Power BI Scope').output.access_token)))}","type":"Expression"},"requestTimeout":""},"formatSettings":{"type":"DelimitedTextReadSettings"}},"sink":{"type":"DelimitedTextSink","storeSettings":{"type":"AzureBlobStorageWriteSettings"},"formatSettings":{"type":"DelimitedTextWriteSettings","quoteAllText":true,"fileExtension":".txt"}},"enableStaging":false,"translator":{"type":"TabularTranslator","typeConversion":true,"typeConversionSettings":{"allowDataTruncation":true,"treatBooleanAsNumber":false}}},"inputs":[{"referenceName":"PDF_source_http","type":"DatasetReference","parameters":{"url":{"value":"@concat(split(replace(activity('GET Power BI Service Redirect Url').output['@odata.context'],'http','https'),'/v')[0],'/export/reports/',pipeline().parameters.PowerBIReportID,'/asyncexports/',activity('POST Power BI Report Export To File').output.id,'/file')","type":"Expression"}}}],"outputs":[{"referenceName":"PDF_sink_storage","type":"DatasetReference","parameters":{"Container":"Export","Directory":"Reports","File":{"value":"@concat(activity('GET Power BI Report Export To File Status').output.reportName,'_',utcNow('yyyyMMdd'),activity('GET Power BI Report Export To File Status').output.resourceFileExtension)","type":"Expression"}}}]}],"policy":{"elapsedTimeMetric":{},"cancelAfter":{}},"parameters":{"AzureTenantId":{"type":"String"},"AzureAppClientId":{"type":"String"},"AzureAppClientSecret":{"type":"String"},"AzureADUsername":{"type":"string"},"AzureADPassword":{"type":"string"},"PowerBIWorkspaceID":{"type":"string"},"PowerBIReportID":{"type":"string"},"PowerBIExportFormat":{"type":"string","defaultValue":"pdf"},"PowerBIExportLocale":{"type":"string","defaultValue":"en-us"},"PowerBIExportExludeHiddenPages":{"type":"string","defaultValue":"False"}},"annotations":[],"lastPublishTime":"2022-09-14T08:10:30Z"},"dependsOn":["[concat(variables('factoryId'), '/datasets/PDF_source_http')]","[concat(variables('factoryId'), '/datasets/PDF_sink_storage')]"]},{"name":"[concat(parameters('factoryName'), '/PDF_source_http')]","type":"Microsoft.DataFactory/factories/datasets","apiVersion":"2018-06-01","properties":{"linkedServiceName":{"referenceName":"[parameters('HttpServerSource')]","type":"LinkedServiceReference","parameters":{"url":{"value":"@dataset().url","type":"Expression"}}},"parameters":{"url":{"type":"string"}},"annotations":[],"type":"DelimitedText","typeProperties":{"location":{"type":"HttpServerLocation"},"columnDelimiter":",","escapeChar":"\\","quoteChar":"\""},"schema":[]},"dependsOn":[]},{"name":"[concat(parameters('factoryName'), '/PDF_sink_storage')]","type":"Microsoft.DataFactory/factories/datasets","apiVersion":"2018-06-01","properties":{"linkedServiceName":{"referenceName":"[parameters('AzureBlobStorage1')]","type":"LinkedServiceReference"},"parameters":{"Container":{"type":"string"},"Directory":{"type":"string"},"File":{"type":"string"}},"annotations":[],"type":"DelimitedText","typeProperties":{"location":{"type":"AzureBlobStorageLocation","fileName":{"value":"@dataset().File","type":"Expression"},"folderPath":"reports","container":"export"},"columnDelimiter":",","escapeChar":"\\","quoteChar":"\""},"schema":[]},"dependsOn":[]}]}