{"$schema":"http://schema.management.azure.com/schemas/2015-01-01/deploymentTemplate.json#","contentVersion":"1.0.0.0","parameters":{"factoryName":{"type":"string","metadata":"Data Factory name"}},"variables":{"factoryId":"[concat('Microsoft.DataFactory/factories/', parameters('factoryName'))]"},"resources":[{"name":"[concat(parameters('factoryName'), '/graph_send_email')]","type":"Microsoft.DataFactory/factories/pipelines","apiVersion":"2018-06-01","properties":{"activities":[{"name":"GET AAD Token With Graph Scope","type":"WebActivity","dependsOn":[],"policy":{"timeout":"0.00:01:00","retry":0,"retryIntervalInSeconds":30,"secureOutput":false,"secureInput":false},"userProperties":[],"typeProperties":{"url":{"value":"@concat('https://login.microsoftonline.com/',pipeline().parameters.AzureTenantId,'/oauth2/v2.0/token')","type":"Expression"},"method":"POST","headers":{"Content-Type":"application/x-www-form-urlencoded"},"body":{"value":"@concat('\nclient_id=',pipeline().parameters.AzureAppClientId,'\n&client_secret=',pipeline().parameters.AzureAppClientSecret,'\n&scope=https://graph.microsoft.com/.default\n&grant_type=client_credentials'\n)","type":"Expression"},"httpRequestTimeout":"00:01:00"}},{"name":"POST Graph Send Mail","type":"WebActivity","dependsOn":[{"activity":"GET AAD Token With Graph Scope","dependencyConditions":["Succeeded"]}],"policy":{"timeout":"0.12:00:00","retry":0,"retryIntervalInSeconds":30,"secureOutput":false,"secureInput":false},"userProperties":[],"typeProperties":{"url":{"value":"@concat('https://graph.microsoft.com/v1.0/users/',pipeline().parameters.EmailSender,'/sendMail')","type":"Expression"},"method":"POST","headers":{"Authorization":{"value":"@concat(string(activity('Get AAD Token With Graph Scope').output.token_type),' ',string(activity('Get AAD Token With Graph Scope').output.access_token))","type":"Expression"},"Content-Type":"application/json"},"body":{"value":"@concat(\n    '{\n    \"message\": {\n        \"toRecipients\": [\n            {\n                \"emailAddress\": {\n                    \"address\": \"', pipeline().parameters.EmailRecipient, '\"\n                    }\n            }\n        ],\n        \"subject\": \"', pipeline().parameters.EmailSubject, '\",\n        \"importance\": \"normal\",\n        \"body\": {\n            \"contentType\": \"HTML\",\n            \"content\": \"', pipeline().parameters.EmailContentHTML, '\"\n         }\n    },\n    \"SaveToSentItems\": ', pipeline().parameters.EmailSaveToSentItems, '\n}'\n)","type":"Expression"}}}],"policy":{"elapsedTimeMetric":{},"cancelAfter":{}},"parameters":{"AzureTenantId":{"type":"String"},"AzureAppClientId":{"type":"String"},"AzureAppClientSecret":{"type":"String"},"EmailSender":{"type":"string"},"EmailRecipient":{"type":"string"},"EmailSubject":{"type":"string"},"EmailContentHTML":{"type":"string"},"EmailSaveToSentItems":{"type":"string","defaultValue":"true"}},"annotations":[],"lastPublishTime":"2022-09-15T12:16:08Z"},"dependsOn":[]}]}