{"$schema":"http://schema.management.azure.com/schemas/2015-01-01/deploymentTemplate.json#","contentVersion":"1.0.0.0","parameters":{"factoryName":{"type":"string","metadata":"Data Factory name"},"RestService":{"type":"string"},"AzureDataLakeStorage1":{"type":"string"}},"variables":{"factoryId":"[concat('Microsoft.DataFactory/factories/', parameters('factoryName'))]"},"resources":[{"name":"[concat(parameters('factoryName'), '/custom_logging')]","type":"Microsoft.DataFactory/factories/pipelines","apiVersion":"2018-06-01","properties":{"activities":[{"name":"Copy Pipeline Runs To Azure Storage","type":"Copy","dependsOn":[],"policy":{"timeout":"0.12:00:00","retry":0,"retryIntervalInSeconds":30,"secureOutput":false,"secureInput":false},"userProperties":[],"typeProperties":{"source":{"type":"RestSource","httpRequestTimeout":"00:01:40","requestInterval":"00.00:00:00.010","requestMethod":"POST","requestBody":{"value":"@concat('{\n   \"filters\":[\n      {\n         \"operand\":\"LatestOnly\",\n         \"operator\":\"Equals\",\n         \"values\":[\n            true\n         ]\n      }\n   ],\n   \"orderBy\":[\n      {\n         \"orderBy\":\"RunStart\",\n         \"order\":\"DESC\"\n      }\n   ],\n   \"lastUpdatedAfter\":\"',pipeline().parameters.lastUpdatedAfter,'\",\n   \"lastUpdatedBefore\":\"',utcnow(),'\",\n   \"AnnotationFilters\":[\n      \n   ]\n}')","type":"Expression"},"paginationRules":{"supportRFC5988":"true"}},"sink":{"type":"JsonSink","storeSettings":{"type":"AzureBlobFSWriteSettings"},"formatSettings":{"type":"JsonWriteSettings"}},"enableStaging":false},"inputs":[{"referenceName":"QueryPipelineRunsRestEndpoint","type":"DatasetReference","parameters":{}}],"outputs":[{"referenceName":"QueryPipelineRunsAzureStorageJson","type":"DatasetReference","parameters":{"FileSystem":"export","Directory":"Directory","FileName":"@concat(pipeline().parameters.lastUpdatedAfter, '_PipelineRun.json')"}}]}],"policy":{"elapsedTimeMetric":{},"cancelAfter":{}},"parameters":{"lastUpdatedAfter":{"type":"string","defaultValue":"2018-06-16T00:36:44.3345758Z"}},"variables":{"test":{"type":"String"}},"folder":{"name":"pipeline"},"annotations":[],"lastPublishTime":"2022-11-09T08:09:26Z"},"dependsOn":["[concat(variables('factoryId'), '/datasets/QueryPipelineRunsRestEndpoint')]","[concat(variables('factoryId'), '/datasets/QueryPipelineRunsAzureStorageJson')]"]},{"name":"[concat(parameters('factoryName'), '/QueryPipelineRunsRestEndpoint')]","type":"Microsoft.DataFactory/factories/datasets","apiVersion":"2018-06-01","properties":{"linkedServiceName":{"referenceName":"[parameters('RestService')]","type":"LinkedServiceReference"},"annotations":[],"type":"RestResource","typeProperties":{},"schema":[]},"dependsOn":[]},{"name":"[concat(parameters('factoryName'), '/QueryPipelineRunsAzureStorageJson')]","type":"Microsoft.DataFactory/factories/datasets","apiVersion":"2018-06-01","properties":{"linkedServiceName":{"referenceName":"[parameters('AzureDataLakeStorage1')]","type":"LinkedServiceReference"},"parameters":{"FileSystem":{"type":"string","defaultValue":"FileSystem"},"Directory":{"type":"string","defaultValue":"Directory"},"FileName":{"type":"string","defaultValue":"@concat(pipeline().parameters.lastUpdatedAfter, '_PipelineRun.json')"}},"annotations":[],"type":"Json","typeProperties":{"location":{"type":"AzureBlobFSLocation","fileName":{"value":"@dataset().FileName","type":"Expression"},"folderPath":{"value":"@dataset().Directory","type":"Expression"},"fileSystem":{"value":"@dataset().FileSystem","type":"Expression"}}},"schema":{}},"dependsOn":[]}]}